package,commit1,commit2
soot.util.queue,80f0e2f1ff4add55dad0ac06bcdca61a1a752d30,5fb34c4458f79e8fe606737f6f8b4530dfe2e993
soot.util.queue,bd6e9418b53d51e6210ce59ce5457c74691b0c20,095f6751a0d35a11155477e3c6a1179e5bfbf3af
soot.toolkits.exceptions,38697cd8340d666bbf9831cbe17b9d26c6956424,e801483604f8ff07102ceb504df7c199396b321d
soot.toolkits.exceptions,e801483604f8ff07102ceb504df7c199396b321d,5e39ecd8569ae92f118fd5f3eae07a2fe758b0aa
soot.toolkits.exceptions,736319acd4ec3629189c67dede5f32ea1180e05a,1ba9cc93e6dcd27cc162ddc095a67185b94f8441
soot.jimple.toolkits.pointer.util,2fbe80749438332afeef125c005251dd8b5c5774,6db08b7d2e67e5ba609b474146e3a595e0d6ae50
soot.grimp,2fbe80749438332afeef125c005251dd8b5c5774,6db08b7d2e67e5ba609b474146e3a595e0d6ae50
soot.jimple.toolkits.annotation.profiling,2fbe80749438332afeef125c005251dd8b5c5774,6db08b7d2e67e5ba609b474146e3a595e0d6ae50
soot.jimple.toolkits.pointer.util,7e979339bfea2da738aa6db7887d3775d53f5c62,ae1cf8c4126771873414a127b89e59d0ba4c0d57
soot.grimp,7e979339bfea2da738aa6db7887d3775d53f5c62,ae1cf8c4126771873414a127b89e59d0ba4c0d57
soot.jimple.toolkits.annotation.profiling,7e979339bfea2da738aa6db7887d3775d53f5c62,ae1cf8c4126771873414a127b89e59d0ba4c0d57
soot.jimple.toolkits.pointer.util,177d800d38aaef062345689719929d3dcdcd153b,49ee53916804c697e55ea1dadc169b853b2d75ca
soot.grimp,177d800d38aaef062345689719929d3dcdcd153b,49ee53916804c697e55ea1dadc169b853b2d75ca
soot.jimple.toolkits.annotation.profiling,177d800d38aaef062345689719929d3dcdcd153b,49ee53916804c697e55ea1dadc169b853b2d75ca
soot.jimple.toolkits.pointer.util,90cb3e20e8392f9c8b1e16b08ddb2e73b593c8be,5c8bfba2594942e89be978167febf533177879bd
soot.grimp,90cb3e20e8392f9c8b1e16b08ddb2e73b593c8be,5c8bfba2594942e89be978167febf533177879bd
soot.jimple.toolkits.annotation.profiling,90cb3e20e8392f9c8b1e16b08ddb2e73b593c8be,5c8bfba2594942e89be978167febf533177879bd
soot.jbco.name,04b0333a936b119b06a42f0fb7bb38cfeeaea5dc,c6a82204bda14e27567f1ad85ad0e3c65a902ed6
soot.jbco.name,0d284994597440cd78ca172eb16fa612ee917f85,6e7b4ae50ff2d064a074abc91296c68a2e806054
soot.jbco.name,6e7b4ae50ff2d064a074abc91296c68a2e806054,a689cd1a47dd02463774ffca4444c2cb337b151d
soot.jbco.name,a927f16fc2203ddebd231d83e6fda85e8ab122e2,36b6fc37bd90dca5fb04cc2715b73d5d16784f09
soot.util.queue,dc2ac1d3784ca9faddb544250a35f1e94980b7c4,013fc1cea86ca6c9b56c2afed8ef41a205d3ac94
soot.util.queue,013fc1cea86ca6c9b56c2afed8ef41a205d3ac94,c174ccd931429c69c92ef6d04a1f136adc22c2c7
soot.util.queue,6822179006b8934ea45f2622423fb2660dc92401,f28e984039e2a93f1d4eecdc6530f601700fd0ae
soot.plugins.internal,d660d117d5ec858152e9655fd30a40e15f1f6db6,500ef1f11f5dd310893f65bc6bc5b1edac1f11c8
soot.plugins.internal,500ef1f11f5dd310893f65bc6bc5b1edac1f11c8,98d3190e9160f1206ab63dac005b788daa0a35bd
soot.plugins.internal,67b4c068af5a82d704f3adc30d58930e3730b109,16032a916335dbfa7bda19cae397c1d07507a66d
soot.jimple.toolkits.ide.icfg.dotexport,eba3ca4ebac00f7269df370b9524ac0a77e8550d,7276ecd69a3d50ebc750208aa8c29174207fe446
soot.jimple.toolkits.ide.icfg.dotexport,7276ecd69a3d50ebc750208aa8c29174207fe446,9738a664582e12ec904c42bfa3decdf5b53d072e